;StoreType;Assortment;CompetitionDistance;CompetitionOpenSinceMonth;CompetitionOpenSinceYear;Promo2;Promo2SinceWeek;Promo2SinceYear;PromoInterval
col_type;object;object;float64;float64;float64;int64;float64;float64;object
contain_nan;False;False;True;True;True;False;True;True;True
volume_nan_percent;0.0;0.0;0.26905829596412556;31.748878923766817;31.748878923766817;0.0;48.789237668161434;48.789237668161434;48.789237668161434
number_of_uniques;4;3;655;13;24;2;25;8;4
unique_to_all_records_percent;0.35874439461883406;0.26905829596412556;58.74439461883408;1.1659192825112108;2.1524663677130045;0.17937219730941703;2.242152466367713;0.7174887892376681;0.35874439461883406
total_volume_of_rare_cases;1.5246636771300448;0.8071748878923767;100.00000000000075;16.8609865470852;41.61434977578476;0;37.040358744394624;0.8968609865470852;0
volume_top_10;100.00000000000001;99.99999999999999;7.085201793721973;91.5695067264574;82.15246636771302;100.0;86.54708520179372;99.99999999999999;100.0
top_10_values;['a' 'd' 'c' 'b'];['a' 'c' 'b'];[250 1200 350 190 50 90 150 330 180 2640];['nan' 9 4 11 3 7 12 10 6 5];['nan' 2013 2012 2014 2005 2010 2009 2011 2008 2007];[1 0];['nan' 14 40 31 10 5 1 37 13 45];['nan' 2011 2013 2014 2012 2009 2010 2015];['nan' 'Jan,Apr,Jul,Oct' 'Feb,May,Aug,Nov' 'Mar,Jun,Sept,Dec']
